/*
insert into times (id_time, nome_time)
values  (1,'Pirarara'), 
		(2,'Tucunaré'), 
		(3,'Carpa'),
		(4,'Curvina'),
		(5,'Papa Terra'),
		(6,'Bico de Pato'),
		(7,'Dourado'),
		(8,'Tilapia');
*/

/*
--Futurama
insert into jogadores (id_time,numero_camiseta,nome_jogador)
values  (1,10,'Philip J. Fry'),
		(1,14,'Bender Bending Rodríguez'),
		(1,32,'Hubert J. Farnsworth'),
		(1,69,'Dr. John A. Zoidberg'),
		(1,20,'Amy Wong'),
		(1,119,'Hermes Conrad'),
		(1,02,'Zapp Brannigan'),
		(1,11,'Kif Kroker'),
		(1,13,'Mamãe (Mom)'),
		(1,22,'Scruffy');

--Os Simpsons
insert into jogadores (id_time,numero_camiseta,nome_jogador)
values	(2,10,'Homer Simpson'),
		(2,32,'Marge Simpson'),
		(2,98,'Bart Simpson'),
		(2,02,'Lisa Simpson'),
		(2,54,'Maggie Simpson'),
		(2,84,'Abe Simpson'),
		(2,19,'Mona Simpson'),
		(2,80,'Ned Flanders'),
		(2,23,'Seymour Skinner'),
		(2,78,'Zelador Willie');

--Game of Thrones
insert into jogadores (id_time,numero_camiseta,nome_jogador)
values	(3,10,'Jon Snow'),
		(3,34,'Daenerys Targaryen'),
		(3,25,'Tyrion Lannister'),
		(3,68,'Cersei Lannister'),
		(3,92,'Arya Stark'),
		(3,102,'Sansa Stark'),
		(3,110,'Jaime Lannister'),
		(3,66,'Night King'),
		(3,04,'Lord Varys'),
		(3,01,'Doran Martell'),
		(3,11,'Daenerys Targaryen'),
		(3,12,'Viserys Targaryen'),
		(3,03,'Aemon Targaryen'),
		(3,30,'Rhaegar Targaryen'),
		(3,90,'Robert Baratheon'),
		(3,46,'Stannis Baratheon'),
		(3,13,'Renly Baratheon'),
		(3,07,'Shireen Baratheon'),
		(3,111,'Olenna Tyrell'),
		(3,27,'Euron Greyjoy'),
		(3,09,'Doran Martell');

--la la Land
insert into jogadores (id_time,numero_camiseta,nome_jogador)
values	(4,10,'Mia Dolan'),
		(4,04,'Sebastian Wilder'),
		(4,27,'Keith'),
		(4,22,'Laura Wilder'),
		(4,13,'Greg'),
		(4,90,'Tracy'),
		(4,58,'Alexis'),
		(4,19,'Caitlin'),
		(4,14,'Bill'),
		(4,08,'Figurante');

--Arcane
insert into jogadores (id_time,numero_camiseta,nome_jogador)
values	(5,10,'Vi'),
		(5,69,'Jinx'),
		(5,43,'Jayce Talis'),
		(5,09,'Caitlyn Kiramman'),
		(5,32,'Silco'),
		(5,90,'Viktor'),
		(5,150,'Vander'),
		(5,46,'Mel Medarda'),
		(5,22,'Ekko'),
		(5,01,'Heimerdinger'),
		(5,11,'Singed'),
		(5,15,'Mylo'),
		(5,44,'Claggor'),
		(5,56,'Sevika'),
		(5,81,'Marcus'),
		(5,68,'Grayson'),
		(5,05,'Ambessa Medarda'),
		(5,91,'Chewbacca'),
		(5,23,'Han Solo'),
		(5,02,'Luke Skywalker'),
		(5,89,'Yoda');

--Peaky Blinders
insert into jogadores (id_time,numero_camiseta,nome_jogador)
values	(6,10,'Thomas Shelby'),
		(6,34,'Arthur Shelby Jr.'),
		(6,08,'Thomas Shelby'),
		(6,110,'John Shelby'),
		(6,20,'Ada Thorne'),
		(6,09,'Polly Gray'),
		(6,90,'Finn Shelby'),
		(6,40,'Michael Gray'),
		(6,14,'Alfie Solomons'),
		(6,67,'Chester Campbell');

--Anne Whit an e
insert into jogadores (id_time,numero_camiseta,nome_jogador)
values	(7,10,'Anne Shirley-Cuthbert'),
		(7,20,'Marilla Cuthbert'),
		(7,30,'Matthew Cuthbert'),
		(7,40,'Gilbert Blythe'),
		(7,50,'Diana Barry'),
		(7,60,'Rachel Lynde'),
		(7,70,'Jerry Baynard'),
		(7,80,'Ruby Gillis'),
		(7,90,'Josie Pye'),
		(7,100,'Jane Andrews');

--Supernatural
insert into jogadores (id_time,numero_camiseta,nome_jogador)
values	(8,10,'Dean Winchester'),
		(8,34,'Sam Winchester'),
		(8,98,'Castiel'),
		(8,75,'Bobby Singer'),
		(8,09,'Jack Kline'),
		(8,04,'Crowley'),
		(8,46,'Lilith'),
		(8,39,'Zachariah'),
		(8,21,'Gabriel'),
		(8,17,'Azazel');

--Mario Kart
insert into estadio (id_estadio, nome_estadio)
values	(1,'Rainbow Road'),
		(2,'Mario Circuit'),
		(3,'Bowser Castle'),
		(4,'Moo Moo Meadows'),
		(5,'Sherbet Land'),
		(6,'Sweet Sweet Canyon'),
		(7,'Thwomp Ruins');
*/

/*
insert into partidas (id_partida, data_partida, time_id_time_A,	time_id_time_B,	estadio_id_estadio)
values	(1,'1998-07-12',1,5,3),
		(2,'2002-06-30',3,6,4),
		(3,'2006-07-09',2,4,1),
		(4,'2010-07-11',7,8,7),
		(5,'2014-07-13',5,6,2),
		(6,'2018-07-15',4,8,6),
		(7,'2022-12-18',5,8,5);
*/

/**
insert into partidas_X_jogadores_A(id_partida, partidas_times_id_time, jogadores_numero_camiseta, gol, minuto_gol)
values	(1,1,10,1,25),
		(1,1,13,1,30),
		(1,1,20,1,79);
insert into partidas_X_jogadores_B(id_partida, partidas_times_id_time, jogadores_numero_camiseta, gol, minuto_gol)
values	(1,5,9,1,28),
		(1,5,11,1,85);
*/

/*
insert into partidas_X_jogadores_A(id_partida, partidas_times_id_time, jogadores_numero_camiseta, gol, minuto_gol)
values	(2,3,10,1,10),
		(2,3,102,1,27),
		(2,3,46,1,60),
		(2,3,27,1,93);

insert into partidas_X_jogadores_B(id_partida, partidas_times_id_time, jogadores_numero_camiseta, gol, minuto_gol)
values	(2,6,10,1,15),
		(2,6,40,1,30),
		(2,6,8,1,80);
*/

/*
insert into partidas_X_jogadores_A(id_partida, partidas_times_id_time, jogadores_numero_camiseta, gol, minuto_gol)
values	(3,2,32,1,9),
		(3,2,98,1,80);

insert into partidas_X_jogadores_B(id_partida, partidas_times_id_time, jogadores_numero_camiseta, gol, minuto_gol)
values	(3,4,4,1,10),
		(3,4,13,1,20),
		(3,4,90,1,66),
		(3,4,14,1,74),
		(3,4,8,1,90);
*/

/*
insert into partidas_X_jogadores_A(id_partida, partidas_times_id_time, jogadores_numero_camiseta, gol, minuto_gol)
values	(4,7,70,1,45);

insert into partidas_X_jogadores_B(id_partida, partidas_times_id_time, jogadores_numero_camiseta, gol, minuto_gol)
values	(4,8,98,1,20),
		(4,8,10,1,67),
		(4,8,46,1,88);
*/

/*
--Partida 5 0 a 0
insert into partidas_X_jogadores_A(id_partida, partidas_times_id_time, jogadores_numero_camiseta, gol, minuto_gol)
values	

insert into partidas_X_jogadores_B(id_partida, partidas_times_id_time, jogadores_numero_camiseta, gol, minuto_gol)
values
*/

/*
insert into partidas_X_jogadores_A(id_partida, partidas_times_id_time, jogadores_numero_camiseta, gol, minuto_gol)
values	(6,4,13,1,20),
		(6,4,10,1,27),
		(6,4,90,1,45),
		(6,4,8,1,58),
		(6,4,22,1,70),
		(6,4,27,1,92);
		
insert into partidas_X_jogadores_B(id_partida, partidas_times_id_time, jogadores_numero_camiseta, gol, minuto_gol)
values	(6,8,34,1,15),
		(6,8,9,1,31),
		(6,8,4,1,65),
		(6,8,21,1,80);
*/

/*
insert into partidas_X_jogadores_A(id_partida, partidas_times_id_time, jogadores_numero_camiseta, gol, minuto_gol)
values	(7,5,69,1,40),
		(7,5,10,1,87);

insert into partidas_X_jogadores_B(id_partida, partidas_times_id_time, jogadores_numero_camiseta, gol, minuto_gol)
values	(7,8,10,1,65);
*/

select * from times;
select * from jogadores where id_time = 8;
select * from estadio;
select * from partidas;
